Season,home_team,away_team,home_score,away_score,result,Cmp,Int 90s,Carries,ProgressivegDist,LP_Cmp,Goals,Att,SCA90,Recievd ,Tackles_Won,Int Min,PenaltiesAttemped,LP_Att,PKatt_y,PrgDist,DribbleTkld,SCA,DribbleSucc,Int Goals,MP_Att,GoalsandAssists,ProgressiveReceive,TotDist_y,GA,Int Goals Per 90,Tackles_mid_3rd,Int Starts,NonPenaltyGoals,TouchesLive,Touches,Sh/90,Total_Tackles,PenaltyGoals,TouchesDef 3rd,DribblesAtt,TouchesAtt 3rd,MP_Cmp,Int Non Penalty Goals,SoTA,Int Non Penalty Goals Per 90,SP_Cmp,original_Season,original_home_team,original_away_team
6,20,15,,,,5.3125,3.5666666666666664,-82.01666666666688,-765.9458333333332,-142.0,-7.071428571428571,142.36249999999995,-0.5389761904761903,88.6916666666666,-5.208333333333329,321.1666666666666,-1.25,-240.0,-1.25,-9009.0,-7.379761904761899,-12.804761904761904,-12.273809523809527,0.6428571428571428,41.5625,-10.321428571428571,-48.37023809523805,-842.6541666666672,-14.0,0.1403571428571429,-4.5,3.5666666666666664,-6.428571428571429,184.3083333333334,184.21666666666624,-0.3907142857142855,-3.1875,-0.6428571428571432,-443.0,-17.735714285714288,-106.12261904761895,2.2250000000000227,0.8928571428571428,-10.0,0.4028571428571429,-34.125,2023-2024,Italy,France
6,25,17,,,,-466.2307692307693,0.946794871794872,-375.2435897435898,-1039.2003205128208,27.33333333333329,7.0,-548.9006410256411,-0.5091666666666672,-460.040064102564,2.5714285714285694,85.05769230769232,1.25,217.5,1.25,2327.166666666666,-13.166666666666664,-15.791666666666655,-19.95833333333333,0.5,-188.11858974358995,5.0,-24.958333333333314,-1952.371794871794,15.666666666666655,-0.6025,7.761904761904763,1.0064102564102564,6.5,-559.9743589743584,-560.102564102564,0.1149999999999997,9.69047619047619,0.5,218.5,-33.79166666666667,-108.83333333333326,-163.10096153846143,0.5,39.83333333333334,-0.6025,-247.599358974359,2023-2024,Netherlands,Germany
