Season,home_team,away_team,home_score,away_score,result,Carries,Int Starts,Starts,Goals,Cmp,TotDist_y,PrgDist,PenaltyGoals,Int Min,Total_Tackles,Att,Touches,TouchesLive,SCA90,LP_Cmp,SCA,TotDist_x,SP_Cmp,SP_Att,GA,Int Goals,TouchesMid 3rd,Int Goals Per 90,GoalsandAssists,Shots,MP_Att,DribblesAtt,Recievd ,Int 90s,90s,NonPenaltyGoals,ProgressivegDist,PKatt_y,Tackles_Won,PenaltiesAttemped,Sh/90,LP_Att,TouchesDef 3rd,PassLive,MP_Cmp,SoTA,Int Non Penalty Goals,Int Non Penalty Goals Per 90,ShotsOnTarget,DribbleSucc,original_Season,original_home_team,original_away_team
6,17,36,,,,360.4290000000001,0.3330000000000002,2.934000000000001,4.381,558.096,1511.6189999999997,914.8330000000004,-0.0959999999999999,12.0,4.838999999999999,631.2860000000001,590.3809999999999,590.19,0.9259999999999996,48.333,37.904,8104.0,321.857,313.14300000000003,8.0,-1.5,235.6190000000001,0.03,6.024000000000001,15.310000000000002,366.321,16.5,460.096,0.133,2.6020000000000003,4.643,1188.089,-0.643,4.761999999999997,-0.643,0.1509999999999998,-117.16699999999996,39.16700000000003,15.143,333.41099999999994,21.167,-1.5,0.03,8.975999999999999,15.214,2023-2024,Germany,Spain
6,26,15,,,,-360.154,0.8460000000000001,-0.1419999999999994,-3.5,-288.837,-1765.018,-913.3330000000004,-1.667,80.14299999999997,2.0,-332.26,-345.0,-344.75,0.3460000000000001,5.332999999999998,27.619,-4524.269,-153.08299999999997,-129.16700000000003,11.667000000000002,0.5,-146.41699999999992,0.155,-6.25,-13.5,-110.529,-19.333,-270.288,0.8999999999999999,-0.2270000000000003,-1.5,-1341.317,-2.0,-1.6670000000000016,-2.0,-0.06,123.0,-82.0,18.381,-109.327,17.333,0.75,0.36,-3.75,-7.761999999999997,2023-2024,Netherlands,France
